{"cameraMode":{"drawMode":0,"name":"Shaded","section":"Shading Mode"},"sceneLighting":false,"audioPlay":false,"sceneViewState":{"showFog":true,"showMaterialUpdate":false,"showSkybox":false,"showFlares":true,"showImageEffects":true,"showParticleSystems":true},"in2DMode":false,"pivot":{"x":-0.08413134515285492,"y":0.03451026976108551,"z":0.19350963830947877},"rotation":{"x":0.1189986988902092,"y":-0.8332964181900024,"z":0.19730833172798158,"w":0.502559244632721},"size":0.35232478380203249,"orthographic":false}