{"cameraMode":{"drawMode":0,"name":"Shaded","section":"Shading Mode"},"sceneLighting":false,"audioPlay":false,"sceneViewState":{"showFog":true,"showMaterialUpdate":false,"showSkybox":false,"showFlares":true,"showImageEffects":true,"showParticleSystems":true},"in2DMode":false,"pivot":{"x":0.013594448566436768,"y":-0.10563468933105469,"z":-0.004611179232597351},"rotation":{"x":-0.1619475930929184,"y":-0.805200457572937,"z":0.25571969151496889,"w":-0.5099934339523315},"size":0.5036464333534241,"orthographic":false}