{"cameraMode":{"drawMode":0,"name":"Shaded","section":"Shading Mode"},"sceneLighting":false,"audioPlay":false,"sceneViewState":{"showFog":true,"showMaterialUpdate":false,"showSkybox":false,"showFlares":true,"showImageEffects":true,"showParticleSystems":true},"in2DMode":false,"pivot":{"x":0.06409886479377747,"y":-0.165448859333992,"z":0.24568134546279908},"rotation":{"x":0.20844405889511109,"y":0.49334126710891726,"z":-0.12308593094348908,"w":0.8354778289794922},"size":0.6872795820236206,"orthographic":false}